Workbook

Sheet users
A1: user_id | B1: fullname | C1: gender | D1: age | E1: department
A2: =ROW()-1 -> 1 | B2: HAFIZHAN SHIDQI | C2: male | D2: 22 | E2: Akuntansi
A3: =ROW()-1 -> 2 | B3: GANDHI WIBOWO | C3: male | D3: 45 | E3: Risk Management
A4: =ROW()-1 -> 3 | B4: ALDIO MAHENDRA PURWANDRARTO | C4: male | D4: 48 | E4: Legal & Compliance
A5: =ROW()-1 -> 4 | B5: BENNY PUTRA | C5: male | D5: 24 | E5: Penjualan
A6: =ROW()-1 -> 5 | B6: VICKY VERNANDO DASTA | C6: male | D6: 40 | E6: SDM
A7: =ROW()-1 -> 6 | B7: JUFIANTO HENRI | C7: male | D7: 45 | E7: SDM
A8: =ROW()-1 -> 7 | B8: AAN NURAINI | C8: female | D8: 22 | E8: HSE
A9: =ROW()-1 -> 8 | B9: ABDUR RAHMAN | C9: male | D9: 54 | E9: Business Development
A10: =ROW()-1 -> 9 | B10: ABDURRAHMAN | C10: male | D10: 35 | E10: SDM
A11: =ROW()-1 -> 10 | B11: ADE INDRA SUKMA | C11: female | D11: 31 | E11: HSE
A12: =ROW()-1 -> 11 | B12: ADE IRMAYANI | C12: female | D12: 50 | E12: Penjualan
A13: =ROW()-1 -> 12 | B13: BAKTI YOGA FIYANDANA | C13: male | D13: 41 | E13: Strategic Planning
... A1960: =ROW()-1 -> 1959 | B1960: SUKANDI | C1960: male | D1960: 36 | E1960: Penjualan

Sheet activity_logs
A1: activity_id | B1: user_id | C1: average_speed | D1: max_speed | E1: average_heartrate | F1: max_heartrate | G1: distance | H1: elapsed_time | I1: moving_time | J1: total_elevation_gain | K1: elev_high | L1: type | M1: start_date_local | N1: kudos_count
A2: =row()-1 -> 1 | B2: {=INDEX(users!$A:$A, RANDBETWEEN(1, COUNTA(users!$A:$A)))} -> 1242 | C2: 2.284 | D2: 5.5 | G2: 11250 | H2: 0.064861111 | I2: 0.057013889 | J2: 166 | K2: 958.8 | L2: Run | M2: 45292.501 | N2: 0
A3: =row()-1 -> 2 | B3: {=INDEX(users!$A:$A, RANDBETWEEN(1, COUNTA(users!$A:$A)))} -> 1432 | C3: 2.927 | D3: 3.5 | G3: 4112 | H3: 0.023043981 | I3: 0.016261574 | J3: 9 | K3: 329.8 | L3: Run | M3: 45295.796 | N3: 4
A4: =row()-1 -> 3 | B4: {=INDEX(users!$A:$A, RANDBETWEEN(1, COUNTA(users!$A:$A)))} -> 189 | C4: 2.845 | D4: 4.2 | G4: 4524.1 | H4: 0.021099537 | I4: 0.018402778 | J4: 65 | K4: 83.6 | L4: Run | M4: 45297.539 | N4: 1
A5: =row()-1 -> 4 | B5: {=INDEX(users!$A:$A, RANDBETWEEN(1, COUNTA(users!$A:$A)))} -> 1785 | C5: 2.872 | D5: 3.9 | G5: 5842.6 | H5: 0.026284722 | I5: 0.023541667 | J5: 92 | K5: 147.8 | L5: Run | M5: 45298.547 | N5: 3
A6: =row()-1 -> 5 | B6: {=INDEX(users!$A:$A, RANDBETWEEN(1, COUNTA(users!$A:$A)))} -> 1795 | C6: 2.844 | D6: 5 | G6: 6958.7 | H6: 0.030208333 | I6: 0.028321759 | J6: 100 | K6: 137.6 | L6: Run | M6: 45300.463 | N6: 3
A7: =row()-1 -> 6 | B7: {=INDEX(users!$A:$A, RANDBETWEEN(1, COUNTA(users!$A:$A)))} -> 1145 | C7: 2.29 | D7: 3.8 | G7: 916 | H7: 0.02056713 | I7: 0.0046296296 | J7: 6 | K7: 101 | L7: Run | M7: 45302.755 | N7: 4
A8: =row()-1 -> 7 | B8: {=INDEX(users!$A:$A, RANDBETWEEN(1, COUNTA(users!$A:$A)))} -> 735 | C8: 2.315 | D8: 3.8 | G8: 6018.5 | H8: 0.031053241 | I8: 0.030092593 | J8: 41 | K8: 96 | L8: Run | M8: 45302.82 | N8: 7
A9: =row()-1 -> 8 | B9: {=INDEX(users!$A:$A, RANDBETWEEN(1, COUNTA(users!$A:$A)))} -> 1491 | C9: 2.756 | D9: 4 | E9: 140.5 | F9: 151 | G9: 5631.4 | H9: 0.04400463 | I9: 0.023645833 | J9: 32 | K9: 144.2 | L9: Run | M9: 45304.497 | N9: 6
A10: =row()-1 -> 9 | B10: {=INDEX(users!$A:$A, RANDBETWEEN(1, COUNTA(users!$A:$A)))} -> 1459 | C10: 2.053 | D10: 4.7 | G10: 2930 | H10: 0.019895833 | I10: 0.016516204 | J10: 18 | K10: 133.2 | L10: Run | M10: 45305.773 | N10: 7
A11: =row()-1 -> 10 | B11: {=INDEX(users!$A:$A, RANDBETWEEN(1, COUNTA(users!$A:$A)))} -> 805 | C11: 3.101 | D11: 4.3 | G11: 6056.6 | H11: 0.024236111 | I11: 0.022604167 | J11: 16 | K11: 50.2 | L11: Run | M11: 45307.634 | N11: 5
A12: =row()-1 -> 11 | B12: {=INDEX(users!$A:$A, RANDBETWEEN(1, COUNTA(users!$A:$A)))} -> 1823 | C12: 0.978 | D12: 3.3 | G12: 442 | H12: 0.028449074 | I12: 0.0052314815 | J12: 0 | K12: -154.2 | L12: Run | M12: 45308.739 | N12: 0
A13: =row()-1 -> 12 | B13: {=INDEX(users!$A:$A, RANDBETWEEN(1, COUNTA(users!$A:$A)))} -> 601 | C13: 2.449 | D13: 4.1 | G13: 7679.5 | H13: 0.038784722 | I13: 0.036296296 | J13: 100 | K13: 130 | L13: Run | M13: 45309.793 | N13: 4
A14: =row()-1 -> 13 | B14: {=INDEX(users!$A:$A, RANDBETWEEN(1, COUNTA(users!$A:$A)))} -> 887 | C14: 2.555 | D14: 4 | E14: 140.6 | F14: 165 | G14: 5565.8 | H14: 0.035439815 | I14: 0.025208333 | J14: 120 | K14: 119.2 | L14: Run | M14: 45312.439 | N14: 4
A15: =row()-1 -> 14 | B15: {=INDEX(users!$A:$A, RANDBETWEEN(1, COUNTA(users!$A:$A)))} -> 24 | C15: 0.557 | D15: 1.2 | G15: 1000 | H15: 0.021979167 | I15: 0.020787037 | J15: 0 | L15: Swim | M15: 45313.353 | N15: 3
A16: =row()-1 -> 15 | B16: {=INDEX(users!$A:$A, RANDBETWEEN(1, COUNTA(users!$A:$A)))} -> 827 | C16: 2.902 | D16: 5.1 | E16: 139.3 | F16: 158 | G16: 4201.8 | H16: 0.028819444 | I16: 0.016759259 | J16: 20 | K16: 96.6 | L16: Run | M16: 45313.529 | N16: 7
A17: =row()-1 -> 16 | B17: {=INDEX(users!$A:$A, RANDBETWEEN(1, COUNTA(users!$A:$A)))} -> 1656 | C17: 0.671 | D17: 1.5 | G17: 1725 | H17: 0.030486111 | I17: 0.029768519 | J17: 0 | L17: Swim | M17: 45314.581 | N17: 6
A18: =row()-1 -> 17 | B18: {=INDEX(users!$A:$A, RANDBETWEEN(1, COUNTA(users!$A:$A)))} -> 1491 | C18: 1.288 | D18: 2.4 | G18: 793.5 | H18: 0.011527778 | I18: 0.0071296296 | J18: 1 | K18: 153.8 | L18: Run | M18: 45315.737 | N18: 2
A19: =row()-1 -> 18 | B19: {=INDEX(users!$A:$A, RANDBETWEEN(1, COUNTA(users!$A:$A)))} -> 1047 | C19: 0.581 | D19: 0.8 | G19: 925 | H19: 0.019386574 | I19: 0.018425926 | J19: 0 | L19: Swim | M19: 45316.561 | N19: 8
A20: =row()-1 -> 19 | B20: {=INDEX(users!$A:$A, RANDBETWEEN(1, COUNTA(users!$A:$A)))} -> 256 | C20: 1.937 | D20: 5.4 | E20: 137.6 | F20: 174 | G20: 4622.8 | H20: 0.0365625 | I20: 0.027627315 | J20: 206 | K20: 130.2 | L20: Run | M20: 45316.794 | N20: 9
A21: =row()-1 -> 20 | B21: {=INDEX(users!$A:$A, RANDBETWEEN(1, COUNTA(users!$A:$A)))} -> 828 | C21: 1.194 | D21: 3.2 | G21: 2766.2 | H21: 0.043425926 | I21: 0.026805556 | J21: 7 | K21: 106.8 | L21: Run | M21: 45317.73 | N21: 4
A22: =row()-1 -> 21 | B22: {=INDEX(users!$A:$A, RANDBETWEEN(1, COUNTA(users!$A:$A)))} -> 1067 | C22: 0.624 | D22: 1.2 | G22: 1125 | H22: 0.021469907 | I22: 0.02087963 | J22: 0 | L22: Swim | M22: 45318.513 | N22: 8
A23: =row()-1 -> 22 | B23: {=INDEX(users!$A:$A, RANDBETWEEN(1, COUNTA(users!$A:$A)))} -> 887 | C23: 2.857 | D23: 3.6 | E23: 133.8 | F23: 145 | G23: 1902.5 | H23: 0.017083333 | I23: 0.0077083333 | J23: 8 | K23: 90.2 | L23: Run | M23: 45319.439 | N23: 4
A24: =row()-1 -> 23 | B24: {=INDEX(users!$A:$A, RANDBETWEEN(1, COUNTA(users!$A:$A)))} -> 1059 | C24: 3.233 | D24: 5 | E24: 141.3 | F24: 174 | G24: 9342 | H24: 0.033449074 | I24: 0.033449074 | J24: 239 | K24: 109 | L24: Run | M24: 45319.458 | N24: 5
A25: =row()-1 -> 24 | B25: {=INDEX(users!$A:$A, RANDBETWEEN(1, COUNTA(users!$A:$A)))} -> 1844 | C25: 0.692 | D25: 0.9 | G25: 1000 | H25: 0.019305556 | I25: 0.016724537 | J25: 0 | L25: Swim | M25: 45321.55 | N25: 7
A26: =row()-1 -> 25 | B26: {=INDEX(users!$A:$A, RANDBETWEEN(1, COUNTA(users!$A:$A)))} -> 339 | C26: 1.682 | D26: 3.4 | G26: 1977.5 | H26: 0.028993056 | I26: 0.013611111 | J26: 1 | K26: 141.2 | L26: Run | M26: 45322.739 | N26: 0
A27: =row()-1 -> 26 | B27: {=INDEX(users!$A:$A, RANDBETWEEN(1, COUNTA(users!$A:$A)))} -> 1786 | C27: 2.547 | D27: 6.8 | G27: 5139.4 | H27: 0.033194444 | I27: 0.023356481 | J27: 22 | K27: 137.6 | L27: Run | M27: 45323.793 | N27: 4
A28: =row()-1 -> 27 | B28: {=INDEX(users!$A:$A, RANDBETWEEN(1, COUNTA(users!$A:$A)))} -> 1666 | C28: 0.594 | D28: 0.9 | G28: 925 | H28: 0.018668981 | I28: 0.018032407 | J28: 0 | L28: Swim | M28: 45324.548 | N28: 5
A29: =row()-1 -> 28 | B29: {=INDEX(users!$A:$A, RANDBETWEEN(1, COUNTA(users!$A:$A)))} -> 1788 | C29: 3.309 | D29: 6.1 | G29: 10985.9 | H29: 0.04400463 | I29: 0.038425926 | J29: 14.7 | K29: 112 | L29: Run | M29: 45324.603 | N29: 0
A30: =row()-1 -> 29 | B30: {=INDEX(users!$A:$A, RANDBETWEEN(1, COUNTA(users!$A:$A)))} -> 1574 | C30: 1.453 | D30: 2.3 | G30: 1406.6 | H30: 0.046388889 | I30: 0.011203704 | J30: 0 | K30: 192.6 | L30: Run | M30: 45324.729 | N30: 0
A31: =row()-1 -> 30 | B31: {=INDEX(users!$A:$A, RANDBETWEEN(1, COUNTA(users!$A:$A)))} -> 1917 | C31: 3.679 | D31: 7.2 | G31: 16433.1 | H31: 0.056539352 | I31: 0.051701389 | J31: 56.8 | K31: 120.7 | L31: Run | M31: 45325.315 | N31: 0
A32: =row()-1 -> 31 | B32: {=INDEX(users!$A:$A, RANDBETWEEN(1, COUNTA(users!$A:$A)))} -> 911 | C32: 3.046 | D32: 4.2 | G32: 3493.4 | H32: 0.020243056 | I32: 0.013275463 | J32: 11 | K32: 233.6 | L32: Run | M32: 45326.513 | N32: 4
A33: =row()-1 -> 32 | B33: {=INDEX(users!$A:$A, RANDBETWEEN(1, COUNTA(users!$A:$A)))} -> 455 | C33: 3.163 | D33: 3.6 | G33: 667.4 | H33: 0.0024884259 | I33: 0.0024421296 | J33: 1 | K33: 234.4 | L33: Run | M33: 45326.545 | N33: 4
A34: =row()-1 -> 33 | B34: {=INDEX(users!$A:$A, RANDBETWEEN(1, COUNTA(users!$A:$A)))} -> 611 | C34: 1.937 | D34: 4.6 | G34: 5875.9 | H34: 0.042662037 | I34: 0.035104167 | J34: 40 | K34: 105.8 | L34: Run | M34: 45327.47 | N34: 6
A35: =row()-1 -> 34 | B35: {=INDEX(users!$A:$A, RANDBETWEEN(1, COUNTA(users!$A:$A)))} -> 1083 | C35: 0.664 | D35: 1.5 | G35: 2050 | H35: 0.040138889 | I35: 0.035729167 | J35: 0 | L35: Swim | M35: 45328.806 | N35: 7
A36: =row()-1 -> 35 | B36: {=INDEX(users!$A:$A, RANDBETWEEN(1, COUNTA(users!$A:$A)))} -> 754 | C36: 1.502 | D36: 2.3 | G36: 1383.4 | H36: 0.022858796 | I36: 0.010659722 | J36: 3 | K36: 39 | L36: Run | M36: 45329.73 | N36: 2
A37: =row()-1 -> 36 | B37: {=INDEX(users!$A:$A, RANDBETWEEN(1, COUNTA(users!$A:$A)))} -> 475 | C37: 2.218 | D37: 4.2 | G37: 6129.6 | H37: 0.033854167 | I37: 0.031990741 | J37: 10 | K37: 30.4 | L37: Run | M37: 45330.793 | N37: 0
A38: =row()-1 -> 37 | B38: {=INDEX(users!$A:$A, RANDBETWEEN(1, COUNTA(users!$A:$A)))} -> 518 | C38: 0.6 | D38: 2.3 | G38: 1475 | H38: 0.029537037 | I38: 0.0284375 | J38: 0 | L38: Swim | M38: 45332.836 | N38: 9
A39: =row()-1 -> 38 | B39: {=INDEX(users!$A:$A, RANDBETWEEN(1, COUNTA(users!$A:$A)))} -> 988 | C39: 2.735 | D39: 5.5 | G39: 4985.4 | H39: 0.039513889 | I39: 0.021099537 | J39: 93 | K39: 23.4 | L39: Run | M39: 45333.438 | N39: 0
A40: =row()-1 -> 39 | B40: {=INDEX(users!$A:$A, RANDBETWEEN(1, COUNTA(users!$A:$A)))} -> 420 | C40: 2.445 | D40: 3.7 | G40: 6940.2 | H40: 0.044988426 | I40: 0.032847222 | J40: 260 | K40: 1626 | L40: Run | M40: 45336.633 | N40: 0
A41: =row()-1 -> 40 | B41: {=INDEX(users!$A:$A, RANDBETWEEN(1, COUNTA(users!$A:$A)))} -> 769 | C41: 1.998 | D41: 4 | G41: 3675.1 | H41: 0.035763889 | I41: 0.021284722 | J41: 345 | K41: 1581.6 | L41: Run | M41: 45337.436 | N41: 0
A42: =row()-1 -> 41 | B42: {=INDEX(users!$A:$A, RANDBETWEEN(1, COUNTA(users!$A:$A)))} -> 825 | C42: 2.629 | D42: 4 | G42: 1393.4 | H42: 0.0064699074 | I42: 0.0061342593 | J42: 31 | K42: 1601.8 | L42: Run | M42: 45337.672 | N42: 0
A43: =row()-1 -> 42 | B43: {=INDEX(users!$A:$A, RANDBETWEEN(1, COUNTA(users!$A:$A)))} -> 225 | C43: 2.234 | D43: 4.3 | G43: 9563.9 | H43: 0.068958333 | I43: 0.049548611 | J43: 434 | K43: 1567 | L43: Run | M43: 45338.441 | N43: 0
A44: =row()-1 -> 43 | B44: {=INDEX(users!$A:$A, RANDBETWEEN(1, COUNTA(users!$A:$A)))} -> 364 | C44: 2.288 | D44: 3.2 | G44: 1791.3 | H44: 0.010405093 | I44: 0.0090625 | J44: 44 | K44: 1569.2 | L44: Run | M44: 45341.304 | N44: 1
A45: =row()-1 -> 44 | B45: {=INDEX(users!$A:$A, RANDBETWEEN(1, COUNTA(users!$A:$A)))} -> 1959 | C45: 1.976 | D45: 4.8 | G45: 10551.1 | H45: 0.10012731 | I45: 0.061793981 | J45: 496 | K45: 1741.6 | L45: Run | M45: 45341.508 | N45: 1
A46: =row()-1 -> 45 | B46: {=INDEX(users!$A:$A, RANDBETWEEN(1, COUNTA(users!$A:$A)))} -> 1598 | C46: 2.353 | D46: 5.2 | G46: 8283.4 | H46: 0.049490741 | I46: 0.040740741 | J46: 366 | K46: 1756.6 | L46: Run | M46: 45342.44 | N46: 6
A47: =row()-1 -> 46 | B47: {=INDEX(users!$A:$A, RANDBETWEEN(1, COUNTA(users!$A:$A)))} -> 123 | C47: 2.262 | D47: 4.5 | E47: 145.3 | F47: 170 | G47: 7886.9 | H47: 0.046666667 | I47: 0.040347222 | J47: 374 | K47: 1645.6 | L47: Run | M47: 45343.657 | N47: 0
A48: =row()-1 -> 47 | B48: {=INDEX(users!$A:$A, RANDBETWEEN(1, COUNTA(users!$A:$A)))} -> 411 | C48: 2.345 | D48: 3.4 | G48: 1641.6 | H48: 0.0084375 | I48: 0.0081018519 | J48: 57 | K48: 1589.6 | L48: Run | M48: 45344.304 | N48: 0
A49: =row()-1 -> 48 | B49: {=INDEX(users!$A:$A, RANDBETWEEN(1, COUNTA(users!$A:$A)))} -> 1923 | C49: 2.95 | D49: 5.3 | E49: 146.9 | F49: 172 | G49: 3914.5 | H49: 0.019305556 | I49: 0.015358796 | J49: 90 | K49: 1618.2 | L49: Run | M49: 45344.506 | N49: 0
A50: =row()-1 -> 49 | B50: {=INDEX(users!$A:$A, RANDBETWEEN(1, COUNTA(users!$A:$A)))} -> 697 | C50: 2.832 | D50: 4.4 | G50: 20376.5 | H50: 0.099409722 | I50: 0.083287037 | J50: 253 | K50: 101 | L50: Run | M50: 45348.469 | N50: 1
A51: =row()-1 -> 50 | B51: {=INDEX(users!$A:$A, RANDBETWEEN(1, COUNTA(users!$A:$A)))} -> 1922 | C51: 5.784 | D51: 8.9 | G51: 11169.4 | H51: 0.026053241 | I51: 0.022349537 | J51: 18 | K51: 178.8 | L51: Ride | M51: 45350.708 | N51: 0
A52: =row()-1 -> 51 | B52: {=INDEX(users!$A:$A, RANDBETWEEN(1, COUNTA(users!$A:$A)))} -> 892 | C52: 1.719 | D52: 3.5 | G52: 1407.7 | H52: 0.0125 | I52: 0.0094791667 | J52: 0 | K52: 100.2 | L52: Run | M52: 45350.736 | N52: 0
A53: =row()-1 -> 52 | B53: {=INDEX(users!$A:$A, RANDBETWEEN(1, COUNTA(users!$A:$A)))} -> 1835 | C53: 5.168 | D53: 6.7 | G53: 9922.7 | H53: 0.026018519 | I53: 0.022222222 | J53: 19 | K53: 111.2 | L53: Ride | M53: 45350.797 | N53: 0
A54: =row()-1 -> 53 | B54: {=INDEX(users!$A:$A, RANDBETWEEN(1, COUNTA(users!$A:$A)))} -> 471 | C54: 3.014 | D54: 4 | G54: 5395.7 | H54: 0.02931713 | I54: 0.020717593 | J54: 7 | K54: 122.4 | L54: Run | M54: 45352.251 | N54: 7
A55: =row()-1 -> 54 | B55: {=INDEX(users!$A:$A, RANDBETWEEN(1, COUNTA(users!$A:$A)))} -> 185 | C55: 1.579 | D55: 5 | G55: 13332.1 | H55: 0.10137731 | I55: 0.097719907 | J55: 837 | K55: 919.8 | L55: Run | M55: 45353.327 | N55: 2
A56: =row()-1 -> 55 | B56: {=INDEX(users!$A:$A, RANDBETWEEN(1, COUNTA(users!$A:$A)))} -> 742 | C56: 1.661 | D56: 4.2 | G56: 4232.4 | H56: 0.10498843 | I56: 0.029490741 | J56: 383 | K56: 822.8 | L56: Run | M56: 45353.458 | N56: 2
A57: =row()-1 -> 56 | B57: {=INDEX(users!$A:$A, RANDBETWEEN(1, COUNTA(users!$A:$A)))} -> 1203 | C57: 2.455 | D57: 2.7 | G57: 211.1 | H57: 0.00099537037 | I57: 0.00099537037 | J57: 0 | K57: 87.4 | L57: Run | M57: 45355.444 | N57: 0
A58: =row()-1 -> 57 | B58: {=INDEX(users!$A:$A, RANDBETWEEN(1, COUNTA(users!$A:$A)))} -> 411 | C58: 3.227 | D58: 5.1 | G58: 8951.5 | H58: 0.032106481 | I58: 0.032106481 | J58: 242 | K58: 104 | L58: Run | M58: 45355.448 | N58: 0
A59: =row()-1 -> 58 | B59: {=INDEX(users!$A:$A, RANDBETWEEN(1, COUNTA(users!$A:$A)))} -> 1122 | C59: 3.222 | D59: 5.6 | G59: 10896.1 | H59: 0.047210648 | I59: 0.039143519 | J59: 25.9 | K59: 111.8 | L59: Run | M59: 45355.501 | N59: 0
A60: =row()-1 -> 59 | B60: {=INDEX(users!$A:$A, RANDBETWEEN(1, COUNTA(users!$A:$A)))} -> 868 | C60: 2.515 | D60: 4.3 | G60: 12538.6 | H60: 0.061527778 | I60: 0.057708333 | J60: 97 | K60: 68.6 | L60: Run | M60: 45356.464 | N60: 4
A61: =row()-1 -> 60 | B61: {=INDEX(users!$A:$A, RANDBETWEEN(1, COUNTA(users!$A:$A)))} -> 1274 | C61: 2.394 | D61: 6.6 | G61: 12677.1 | H61: 0.063252315 | I61: 0.061296296 | J61: 11.1 | K61: 92 | L61: Run | M61: 45356.466 | N61: 0
... A74: =row()-1 -> 73 | B74: {=INDEX(users!$A:$A, RANDBETWEEN(1, COUNTA(users!$A:$A)))} -> 312 | C74: 3.213 | D74: 6.6 | G74: 14016.4 | H74: 0.052951389 | I74: 0.050486111 | J74: 66.5 | K74: 117.9 | L74: Run | M74: 45362.716 | N74: 0
A75: =row()-1 -> 74 | B75: {=INDEX(users!$A:$A, RANDBETWEEN(1, COUNTA(users!$A:$A)))} -> 321 | C75: 0.69 | D75: 1.8 | G75: 1425 | H75: 0.02494213 | I75: 0.023912037 | J75: 0 | L75: Swim | M75: 45363.525 | N75: 3
A76: =row()-1 -> 75 | B76: {=INDEX(users!$A:$A, RANDBETWEEN(1, COUNTA(users!$A:$A)))} -> 1204 | C76: 3.198 | D76: 7.1 | G76: 13813.6 | H76: 0.050324074 | I76: 0.05 | J76: 121.4 | K76: 144.3 | L76: Run | M76: 45364.418 | N76: 0
A77: =row()-1 -> 76 | B77: {=INDEX(users!$A:$A, RANDBETWEEN(1, COUNTA(users!$A:$A)))} -> 1667 | C77: 0 | D77: 0 | G77: 0 | H77: 0.010706019 | I77: 0.010706019 | J77: 0 | K77: 80.2 | L77: Ride | M77: 45364.44 | N77: 1
A78: =row()-1 -> 77 | B78: {=INDEX(users!$A:$A, RANDBETWEEN(1, COUNTA(users!$A:$A)))} -> 76 | C78: 5.604 | D78: 6.7 | G78: 3407 | H78: 0.007037037 | I78: 0.007037037 | J78: 5 | K78: 73 | L78: Ride | M78: 45364.451 | N78: 1
A79: =row()-1 -> 78 | B79: {=INDEX(users!$A:$A, RANDBETWEEN(1, COUNTA(users!$A:$A)))} -> 654 | C79: 5.646 | D79: 8 | G79: 10310.2 | H79: 0.026550926 | I79: 0.021134259 | J79: 22 | K79: 110.2 | L79: Ride | M79: 45364.785 | N79: 1
A80: =row()-1 -> 79 | B80: {=INDEX(users!$A:$A, RANDBETWEEN(1, COUNTA(users!$A:$A)))} -> 737 | C80: 2.445 | D80: 3.5 | G80: 4857.5 | H80: 0.028796296 | I80: 0.022997685 | J80: 29 | K80: 120.8 | L80: Run | M80: 45365.251 | N80: 1
A81: =row()-1 -> 80 | B81: {=INDEX(users!$A:$A, RANDBETWEEN(1, COUNTA(users!$A:$A)))} -> 1932 | C81: 1.901 | D81: 4 | G81: 1615.8 | H81: 0.015844907 | I81: 0.009837963 | J81: 45 | K81: 118.6 | L81: Run | M81: 45365.28 | N81: 1
A82: =row()-1 -> 81 | B82: {=INDEX(users!$A:$A, RANDBETWEEN(1, COUNTA(users!$A:$A)))} -> 74 | C82: 2.98 | D82: 8.1 | G82: 8932.3 | H82: 0.037719907 | I82: 0.0346875 | J82: 73.9 | K82: 147.7 | L82: Run | M82: 45365.576 | N82: 0
A83: =row()-1 -> 82 | B83: {=INDEX(users!$A:$A, RANDBETWEEN(1, COUNTA(users!$A:$A)))} -> 1063 | C83: 3.212 | D83: 4.9 | G83: 6401.3 | H83: 0.024097222 | I83: 0.02306713 | J83: 78.2 | K83: 147.8 | L83: Run | M83: 45366.521 | N83: 0
A84: =row()-1 -> 83 | B84: {=INDEX(users!$A:$A, RANDBETWEEN(1, COUNTA(users!$A:$A)))} -> 1913 | C84: 2.948 | D84: 4 | G84: 2140.6 | H84: 0.015092593 | I84: 0.0084027778 | J84: 6 | K84: 155.6 | L84: Run | M84: 45366.771 | N84: 2
A85: =row()-1 -> 84 | B85: {=INDEX(users!$A:$A, RANDBETWEEN(1, COUNTA(users!$A:$A)))} -> 492 | C85: 3.527 | D85: 7.2 | G85: 7205.2 | H85: 0.025138889 | I85: 0.023645833 | J85: 13 | K85: 98 | L85: Run | M85: 45366.792 | N85: 4
A86: =row()-1 -> 85 | B86: {=INDEX(users!$A:$A, RANDBETWEEN(1, COUNTA(users!$A:$A)))} -> 1919 | C86: 2.309 | D86: 3.8 | G86: 1274.5 | H86: 0.014571759 | I86: 0.0063888889 | J86: 5 | K86: 99.8 | L86: Run | M86: 45366.84 | N86: 2
A87: =row()-1 -> 86 | B87: {=INDEX(users!$A:$A, RANDBETWEEN(1, COUNTA(users!$A:$A)))} -> 485 | C87: 5.824 | D87: 8.1 | G87: 6907.4 | H87: 0.018078704 | I87: 0.013726852 | J87: 16 | K87: 136.2 | L87: Ride | M87: 45367.438 | N87: 1
... A90: =row()-1 -> 89 | B90: {=INDEX(users!$A:$A, RANDBETWEEN(1, COUNTA(users!$A:$A)))} -> 911 | C90: 5.505 | D90: 7.1 | G90: 4662.7 | H90: 0.011608796 | I90: 0.0098032407 | J90: 7 | K90: 104.2 | L90: Ride | M90: 45367.835 | N90: 1
A91: =row()-1 -> 90 | B91: {=INDEX(users!$A:$A, RANDBETWEEN(1, COUNTA(users!$A:$A)))} -> 814 | C91: 3.111 | D91: 4 | E91: 134.9 | F91: 146 | G91: 2096.6 | H91: 0.010763889 | I91: 0.0078009259 | J91: 5 | K91: 76.6 | L91: Run | M91: 45369.441 | N91: 1
A92: =row()-1 -> 91 | B92: {=INDEX(users!$A:$A, RANDBETWEEN(1, COUNTA(users!$A:$A)))} -> 400 | C92: 3.597 | D92: 5.7 | E92: 168.3 | F92: 186 | G92: 9104.8 | H92: 0.029293981 | I92: 0.029293981 | J92: 240 | K92: 105.2 | L92: Run | M92: 45369.459 | N92: 6
A93: =row()-1 -> 92 | B93: {=INDEX(users!$A:$A, RANDBETWEEN(1, COUNTA(users!$A:$A)))} -> 1602 | C93: 2.221 | D93: 2.8 | E93: 139.7 | F93: 146 | G93: 1081.8 | H93: 0.0095138889 | I93: 0.0056365741 | J93: 2 | K93: 86.8 | L93: Run | M93: 45369.489 | N93: 1
A94: =row()-1 -> 93 | B94: {=INDEX(users!$A:$A, RANDBETWEEN(1, COUNTA(users!$A:$A)))} -> 1931 | C94: 3.09 | D94: 4.7 | G94: 15816.3 | H94: 0.065208333 | I94: 0.059247685 | J94: 83 | K94: 113.6 | L94: Run | M94: 45370.39 | N94: 7
A95: =row()-1 -> 94 | B95: {=INDEX(users!$A:$A, RANDBETWEEN(1, COUNTA(users!$A:$A)))} -> 881 | C95: 3.829 | D95: 7.5 | G95: 9362.9 | H95: 0.028414352 | I95: 0.028298611 | J95: 0 | K95: 110.6 | L95: Run | M95: 45370.459 | N95: 0
A96: =row()-1 -> 95 | B96: {=INDEX(users!$A:$A, RANDBETWEEN(1, COUNTA(users!$A:$A)))} -> 1073 | C96: 2.68 | D96: 4.4 | G96: 3057.9 | H96: 0.013784722 | I96: 0.013206019 | J96: 0 | K96: 110.5 | L96: Run | M96: 45370.49 | N96: 0
A97: =row()-1 -> 96 | B97: {=INDEX(users!$A:$A, RANDBETWEEN(1, COUNTA(users!$A:$A)))} -> 1506 | C97: 3.277 | D97: 6.5 | G97: 21552.8 | H97: 0.080949074 | I97: 0.076122685 | J97: 92.8 | K97: 129.9 | L97: Run | M97: 45371.363 | N97: 0
A98: =row()-1 -> 97 | B98: {=INDEX(users!$A:$A, RANDBETWEEN(1, COUNTA(users!$A:$A)))} -> 336 | C98: 2.977 | D98: 10.7 | G98: 9628.4 | H98: 0.052071759 | I98: 0.037430556 | J98: 14.6 | K98: 111.9 | L98: Run | M98: 45373.502 | N98: 0
A99: =row()-1 -> 98 | B99: {=INDEX(users!$A:$A, RANDBETWEEN(1, COUNTA(users!$A:$A)))} -> 366 | C99: 2.355 | D99: 4.4 | G99: 5392.6 | H99: 0.030844907 | I99: 0.02650463 | J99: 172 | K99: 72.8 | L99: Run | M99: 45373.793 | N99: 6
A100: =row()-1 -> 99 | B100: {=INDEX(users!$A:$A, RANDBETWEEN(1, COUNTA(users!$A:$A)))} -> 156 | C100: 3.138 | D100: 5 | G100: 9635.7 | H100: 0.036678241 | I100: 0.035543981 | J100: 31.3 | K100: 117.4 | L100: Run | M100: 45374.515 | N100: 0
A101: =row()-1 -> 100 | B101: {=INDEX(users!$A:$A, RANDBETWEEN(1, COUNTA(users!$A:$A)))} -> 1164 | C101: 3.139 | D101: 5.6 | G101: 20931.2 | H101: 0.082384259 | I101: 0.0771875 | J101: 47.6 | K101: 120 | L101: Run | M101: 45375.508 | N101: 0
A102: =row()-1 -> 101 | B102: {=INDEX(users!$A:$A, RANDBETWEEN(1, COUNTA(users!$A:$A)))} -> 334 | C102: 2.743 | D102: 6.4 | G102: 3774.3 | H102: 0.022881944 | I102: 0.015925926 | J102: 0 | K102: 151.2 | L102: Run | M102: 45375.669 | N102: 1
A103: =row()-1 -> 102 | B103: {=INDEX(users!$A:$A, RANDBETWEEN(1, COUNTA(users!$A:$A)))} -> 475 | C103: 3.399 | D103: 6 | G103: 3711.4 | H103: 0.012638889 | I103: 0.012453704 | J103: 55 | K103: 221.4 | L103: Run | M103: 45375.699 | N103: 1
A104: =row()-1 -> 103 | B104: {=INDEX(users!$A:$A, RANDBETWEEN(1, COUNTA(users!$A:$A)))} -> 1026 | C104: 2.214 | D104: 2.9 | G104: 1253.3 | H104: 0.0073958333 | I104: 0.0065509259 | J104: 0 | K104: 222.4 | L104: Run | M104: 45375.714 | N104: 1
A105: =row()-1 -> 104 | B105: {=INDEX(users!$A:$A, RANDBETWEEN(1, COUNTA(users!$A:$A)))} -> 11 | C105: 2.72 | D105: 4.5 | G105: 1931.5 | H105: 0.014965278 | I105: 0.0082175926 | J105: 30 | K105: 279.8 | L105: Run | M105: 45376.504 | N105: 1
... A112: =row()-1 -> 111 | B112: {=INDEX(users!$A:$A, RANDBETWEEN(1, COUNTA(users!$A:$A)))} -> 1112 | C112: 3.181 | D112: 4 | G112: 7389.8 | H112: 0.050752315 | I112: 0.026886574 | J112: 28 | K112: 164.8 | L112: Run | M112: 45378.745 | N112: 6
A113: =row()-1 -> 112 | B113: {=INDEX(users!$A:$A, RANDBETWEEN(1, COUNTA(users!$A:$A)))} -> 1491 | C113: 3.484 | D113: 5.9 | E113: 147.9 | F113: 182 | G113: 16195.2 | H113: 0.062546296 | I113: 0.05380787 | J113: 70.7 | K113: 120.7 | L113: Run | M113: 45379.557 | N113: 0
A114: =row()-1 -> 113 | B114: {=INDEX(users!$A:$A, RANDBETWEEN(1, COUNTA(users!$A:$A)))} -> 112 | C114: 3.18 | D114: 4.2 | G114: 5390 | H114: 0.024328704 | I114: 0.019618056 | J114: 18 | K114: 92.2 | L114: Run | M114: 45379.786 | N114: 0
A115: =row()-1 -> 114 | B115: {=INDEX(users!$A:$A, RANDBETWEEN(1, COUNTA(users!$A:$A)))} -> 1701 | C115: 5.704 | D115: 8.8 | G115: 8350.5 | H115: 0.018171296 | I115: 0.016944444 | J115: 13 | K115: 99.2 | L115: Ride | M115: 45380.438 | N115: 1
A116: =row()-1 -> 115 | B116: {=INDEX(users!$A:$A, RANDBETWEEN(1, COUNTA(users!$A:$A)))} -> 1759 | C116: 1.941 | D116: 5.8 | G116: 6853.3 | H116: 0.069803241 | I116: 0.040856481 | J116: 262 | K116: 748.5 | L116: Run | M116: 45380.736 | N116: 0
A117: =row()-1 -> 116 | B117: {=INDEX(users!$A:$A, RANDBETWEEN(1, COUNTA(users!$A:$A)))} -> 996 | C117: 2.18 | D117: 4 | G117: 5562 | H117: 0.036412037 | I117: 0.029525463 | J117: 57 | K117: 117 | L117: Run | M117: 45380.794 | N117: 5
A118: =row()-1 -> 117 | B118: {=INDEX(users!$A:$A, RANDBETWEEN(1, COUNTA(users!$A:$A)))} -> 676 | C118: 2.368 | D118: 4.9 | E118: 121.9 | F118: 165 | G118: 2162.3 | H118: 0.014525463 | I118: 0.01056713 | J118: 47.8 | K118: 326 | L118: Run | M118: 45381.492 | N118: 0
A119: =row()-1 -> 118 | B119: {=INDEX(users!$A:$A, RANDBETWEEN(1, COUNTA(users!$A:$A)))} -> 1209 | C119: 3.193 | D119: 18.8 | G119: 9134.4 | H119: 0.033877315 | I119: 0.033113426 | J119: 427.1 | K119: 702.9 | L119: Run | M119: 45381.518 | N119: 3
A120: =row()-1 -> 119 | B120: {=INDEX(users!$A:$A, RANDBETWEEN(1, COUNTA(users!$A:$A)))} -> 1530 | C120: 6.125 | D120: 8.3 | G120: 10510.1 | H120: 0.023009259 | I120: 0.019861111 | J120: 20 | K120: 99.4 | L120: Ride | M120: 45381.724 | N120: 2
...

Sheet mcu_records
A1: mcu_id | B1: user_id | C1: height | D1: weight | E1: blood_pleasure | F1: cholesterol | G1: gluc | H1: BMI | I1: BMICat
A2: =IF(ROW()-1>1959,"",ROW()-1) -> 1 | B2: 1106 | C2: 168 | D2: 62 | E2: 110 | F2: 1 | G2: 1 | H2: 22 | I2: Normal
A3: =IF(ROW()-1>1959,"",ROW()-1) -> 2 | B3: 1440 | C3: 156 | D3: 85 | E3: 140 | F3: 3 | G3: 1 | H3: 34.9 | I3: Obese
A4: =IF(ROW()-1>1959,"",ROW()-1) -> 3 | B4: 385 | C4: 165 | D4: 64 | E4: 130 | F4: 3 | G4: 1 | H4: 23.5 | I4: Normal
A5: =IF(ROW()-1>1959,"",ROW()-1) -> 4 | B5: 1075 | C5: 169 | D5: 82 | E5: 150 | F5: 1 | G5: 1 | H5: 28.7 | I5: Over Weight
A6: =IF(ROW()-1>1959,"",ROW()-1) -> 5 | B6: 1224 | C6: 156 | D6: 56 | E6: 100 | F6: 1 | G6: 1 | H6: 23 | I6: Normal
A7: =IF(ROW()-1>1959,"",ROW()-1) -> 6 | B7: 1498 | C7: 151 | D7: 67 | E7: 120 | F7: 2 | G7: 2 | H7: 29.4 | I7: Over Weight
A8: =IF(ROW()-1>1959,"",ROW()-1) -> 7 | B8: 1667 | C8: 157 | D8: 93 | E8: 130 | F8: 3 | G8: 1 | H8: 37.7 | I8: Obese
A9: =IF(ROW()-1>1959,"",ROW()-1) -> 8 | B9: 533 | C9: 178 | D9: 95 | E9: 130 | F9: 3 | G9: 3 | H9: 30 | I9: Obese
A10: =IF(ROW()-1>1959,"",ROW()-1) -> 9 | B10: 962 | C10: 158 | D10: 71 | E10: 110 | F10: 1 | G10: 1 | H10: 28.4 | I10: Over Weight
A11: =IF(ROW()-1>1959,"",ROW()-1) -> 10 | B11: 1054 | C11: 164 | D11: 68 | E11: 110 | F11: 1 | G11: 1 | H11: 25.3 | I11: Over Weight
A12: =IF(ROW()-1>1959,"",ROW()-1) -> 11 | B12: 1727 | C12: 169 | D12: 80 | E12: 120 | F12: 1 | G12: 1 | H12: 28 | I12: Over Weight
A13: =IF(ROW()-1>1959,"",ROW()-1) -> 12 | B13: 1801 | C13: 173 | D13: 60 | E13: 120 | F13: 1 | G13: 1 | H13: 20 | I13: Normal
... A1960: =IF(ROW()-1>1959,"",ROW()-1) -> 1959 | B1960: 52 | C1960: 158 | D1960: 66 | E1960: 120 | F1960: 3 | G1960: 1 | H1960: 26.4 | I1960: Over Weight
